i , Uh , Ur , E.Uh , E.Ur
0,-3.37946,-3.92839
1,-3.33951,-3.86329
2,-3.29974,-3.79857
3,-3.26016,-3.73424
4,-3.22077,-3.67031
5,-3.18157,-3.60677
6,-3.14256,-3.54363
7,-3.10375,-3.48088
8,-3.06513,-3.41853
9,-3.02671,-3.35658
10,-2.9885,-3.29503
11,-2.95048,-3.23388
12,-2.91267,-3.17313
13,-2.87506,-3.11279
14,-2.83765,-3.05285
15,-2.80046,-2.99331
16,-2.76347,-2.93418
17,-2.72669,-2.87545
18,-2.69012,-2.81713
19,-2.65377,-2.75922
20,-2.61763,-2.70172
21,-2.5817,-2.64462
22,-2.54598,-2.58793
23,-2.51049,-2.53164
24,-2.47521,-2.47577
25,-2.44015,-2.4203
26,-2.4053,-2.36524
27,-2.37068,-2.31059
28,-2.33628,-2.25635
29,-2.30209,-2.20251
30,-2.26813,-2.14908
31,-2.23439,-2.09606
32,-2.20087,-2.04345
33,-2.16758,-1.99124
34,-2.13451,-1.93944
35,-2.10166,-1.88804
36,-2.06904,-1.83705
37,-2.03664,-1.78647
38,-2.00447,-1.73629
39,-1.97252,-1.68651
40,-1.9408,-1.63713
41,-1.9093,-1.58816
42,-1.87803,-1.53959
43,-1.84699,-1.49142
44,-1.81617,-1.44365
45,-1.78557,-1.39627
46,-1.75521,-1.3493
47,-1.72507,-1.30272
48,-1.69515,-1.25654
49,-1.66546,-1.21075
50,-1.636,-1.16536
51,-1.60676,-1.12036
52,-1.57775,-1.07575
53,-1.54897,-1.03153
54,-1.5204,-0.987698
55,-1.49207,-0.944256
56,-1.46396,-0.901201
57,-1.43607,-0.858531
58,-1.40841,-0.816245
59,-1.38097,-0.774342
60,-1.35375,-0.73282
61,-1.32676,-0.691678
62,-1.29999,-0.650915
63,-1.27344,-0.610529
64,-1.24711,-0.570518
65,-1.22101,-0.530882
66,-1.19512,-0.491618
67,-1.16946,-0.452725
68,-1.14401,-0.414201
69,-1.11879,-0.376046
70,-1.09378,-0.338256
71,-1.06899,-0.300831
72,-1.04442,-0.26377
73,-1.02006,-0.227069
74,-0.99592,-0.190728
75,-0.971994,-0.154745
76,-0.948284,-0.119118
77,-0.924786,-0.083845
78,-0.901502,-0.048925
79,-0.878431,-0.0143558
80,-0.855571,0.0198642
81,-0.832921,0.053737
82,-0.810482,0.0872643
83,-0.788251,0.120448
84,-0.766229,0.15329
85,-0.744415,0.185792
86,-0.722807,0.217956
87,-0.701405,0.249784
88,-0.680208,0.281277
89,-0.659215,0.312438
90,-0.638425,0.343269
91,-0.617837,0.373771
92,-0.59745,0.403946
93,-0.577264,0.433797
94,-0.557278,0.463325
95,-0.53749,0.492532
96,-0.517899,0.521421
97,-0.498505,0.549993
98,-0.479306,0.578249
99,-0.460303,0.606193
100,-0.441492,0.633826
101,-0.422875,0.66115
102,-0.404448,0.688168
103,-0.386213,0.71488
104,-0.368167,0.74129
105,-0.350309,0.767398
106,-0.332639,0.793208
107,-0.315156,0.818721
108,-0.297858,0.843939
109,-0.280744,0.868864
110,-0.263813,0.893499
111,-0.247064,0.917845
112,-0.230497,0.941904
113,-0.21411,0.965679
114,-0.197901,0.98917
115,-0.181871,1.01238
116,-0.166017,1.03531
117,-0.150338,1.05797
118,-0.134835,1.08035
119,-0.119505,1.10246
120,-0.104347,1.1243
121,-0.0893602,1.14587
122,-0.0745437,1.16718
123,-0.0598962,1.18822
124,-0.0454166,1.20899
125,-0.0311037,1.22951
126,-0.0169565,1.24977
127,-0.00297385,1.26977
128,0.0108454,1.28952
129,0.0245025,1.30902
130,0.0379983,1.32826
131,0.0513342,1.34726
132,0.0645112,1.36601
133,0.0775305,1.38452
134,0.0903931,1.40279
135,0.1031,1.42081
136,0.115653,1.4386
137,0.128053,1.45615
138,0.1403,1.47347
139,0.152397,1.49055
140,0.164344,1.5074
141,0.176142,1.52403
142,0.187792,1.54043
143,0.199296,1.5566
144,0.210655,1.57256
145,0.22187,1.58829
146,0.232941,1.6038
147,0.243871,1.6191
148,0.25466,1.63418
149,0.265309,1.64905
150,0.275819,1.66371
151,0.286193,1.67816
152,0.296429,1.6924
153,0.306531,1.70644
154,0.316499,1.72027
155,0.326333,1.7339
156,0.336036,1.74734
157,0.345608,1.76057
158,0.35505,1.77361
159,0.364364,1.78645
160,0.37355,1.79911
161,0.382609,1.81157
162,0.391544,1.82384
163,0.400354,1.83593
164,0.409041,1.84783
165,0.417606,1.85955
166,0.42605,1.87108
167,0.434374,1.88244
168,0.44258,1.89362
169,0.450667,1.90462
170,0.458638,1.91545
171,0.466493,1.92611
172,0.474234,1.93659
173,0.481861,1.94691
174,0.489375,1.95705
175,0.496778,1.96704
176,0.50407,1.97686
177,0.511254,1.98651
178,0.518328,1.99601
179,0.525296,2.00534
180,0.532157,2.01452
181,0.538912,2.02354
182,0.545564,2.03241
183,0.552112,2.04113
184,0.558558,2.04969
185,0.564902,2.05811
186,0.571146,2.06638
187,0.577291,2.0745
188,0.583338,2.08247
189,0.589287,2.09031
190,0.595139,2.098
191,0.600896,2.10555
192,0.606559,2.11297
193,0.612128,2.12025
194,0.617605,2.12739
195,0.62299,2.1344
196,0.628284,2.14127
197,0.633489,2.14802
198,0.638604,2.15463
199,0.643632,2.16112
200,0.648573,2.16748
201,0.653427,2.17372
202,0.658197,2.17983
203,0.662882,2.18582
204,0.667484,2.19169
205,0.672004,2.19744
206,0.676441,2.20307
207,0.680798,2.20859
208,0.685076,2.21399
209,0.689274,2.21927
210,0.693394,2.22445
211,0.697437,2.22951
212,0.701403,2.23446
213,0.705294,2.23931
214,0.709111,2.24405
215,0.712853,2.24868
216,0.716522,2.2532
217,0.72012,2.25763
218,0.723645,2.26195
219,0.7271,2.26617
220,0.730486,2.27029
221,0.733802,2.27431
222,0.73705,2.27824
223,0.740231,2.28207
224,0.743345,2.2858
225,0.746394,2.28944
226,0.749377,2.29299
227,0.752296,2.29645
228,0.755151,2.29982
229,0.757944,2.3031
230,0.760675,2.30629
231,0.763344,2.3094
232,0.765953,2.31242
233,0.768502,2.31535
234,0.770992,2.3182
235,0.773424,2.32097
236,0.775798,2.32366
237,0.778115,2.32627
238,0.780376,2.3288
239,0.782581,2.33126
240,0.784731,2.33363
241,0.786828,2.33593
242,0.788871,2.33816
243,0.790861,2.34031
244,0.792799,2.34239
245,0.794685,2.3444
246,0.796521,2.34634
247,0.798307,2.34821
248,0.800043,2.35001
249,0.80173,2.35174
250,0.803369,2.35341
251,0.804961,2.35501
252,0.806505,2.35654
253,0.808003,2.35801
254,0.809456,2.35942
255,0.810863,2.36077
256,0.812226,2.36205
257,0.813545,2.36328
258,0.814821,2.36444
259,0.816054,2.36555
260,0.817245,2.3666
261,0.818395,2.36759
262,0.819503,2.36853
263,0.820571,2.36941
264,0.821599,2.37024
265,0.822588,2.37101
266,0.823538,2.37173
267,0.82445,2.3724
268,0.825325,2.37302
269,0.826162,2.37359
270,0.826962,2.37411
271,0.827727,2.37458
272,0.828456,2.375
273,0.82915,2.37538
274,0.82981,2.37571
275,0.830435,2.37599
276,0.831028,2.37623
277,0.831587,2.37642
278,0.832113,2.37657
279,0.832608,2.37668
280,0.833071,2.37675
281,0.833503,2.37677
282,0.833904,2.37676
283,0.834276,2.3767
284,0.834617,2.37661
285,0.83493,2.37647
286,0.835214,2.3763
287,0.835469,2.37609
288,0.835697,2.37585
289,0.835897,2.37557
290,0.83607,2.37525
291,0.836217,2.3749
292,0.836337,2.37451
293,0.836432,2.37409
294,0.836502,2.37364
295,0.836547,2.37315
296,0.836567,2.37264
297,0.836563,2.37209
298,0.836535,2.37151
299,0.836485,2.3709
300,0.836411,2.37026
301,0.836315,2.3696
302,0.836197,2.3689
303,0.836057,2.36818
304,0.835896,2.36743
305,0.835713,2.36665
306,0.83551,2.36584
307,0.835287,2.36501
308,0.835044,2.36416
309,0.834781,2.36328
310,0.8345,2.36237
311,0.834199,2.36145
312,0.83388,2.36049
313,0.833542,2.35952
314,0.833187,2.35852
315,0.832814,2.3575
316,0.832424,2.35646
317,0.832017,2.3554
318,0.831594,2.35432
319,0.831154,2.35322
320,0.830699,2.35209
321,0.830227,2.35095
322,0.829741,2.34979
323,0.829239,2.34861
324,0.828723,2.34742
325,0.828192,2.3462
326,0.827647,2.34497
327,0.827088,2.34372
328,0.826516,2.34246
329,0.82593,2.34117
330,0.825331,2.33988
331,0.82472,2.33856
332,0.824096,2.33724
333,0.82346,2.33589
334,0.822811,2.33454
335,0.822151,2.33317
336,0.82148,2.33178
337,0.820797,2.33039
338,0.820103,2.32897
339,0.819399,2.32755
340,0.818684,2.32612
341,0.817959,2.32467
342,0.817224,2.32321
343,0.816479,2.32174
344,0.815724,2.32026
345,0.814961,2.31877
346,0.814188,2.31727
347,0.813406,2.31575
348,0.812615,2.31423
349,0.811816,2.3127
350,0.811009,2.31116
351,0.810194,2.30961
352,0.809371,2.30805
353,0.80854,2.30648
354,0.807702,2.30491
355,0.806856,2.30333
356,0.806004,2.30174
357,0.805144,2.30014
358,0.804278,2.29853
359,0.803406,2.29692
360,0.802527,2.2953
361,0.801642,2.29368
362,0.800751,2.29205
363,0.799854,2.29041
364,0.798952,2.28877
365,0.798044,2.28712
366,0.797131,2.28546
367,0.796213,2.2838
368,0.79529,2.28214
369,0.794362,2.28047
370,0.793429,2.2788
371,0.792492,2.27712
372,0.791551,2.27544
373,0.790605,2.27375
374,0.789656,2.27207
375,0.788703,2.27037
376,0.787746,2.26868
377,0.786785,2.26698
378,0.785821,2.26528
379,0.784853,2.26357
380,0.783883,2.26187
381,0.782909,2.26016
382,0.781932,2.25844
383,0.780953,2.25673
384,0.779971,2.25501
385,0.778986,2.2533
386,0.777999,2.25158
387,0.77701,2.24986
388,0.776019,2.24813
389,0.775025,2.24641
390,0.77403,2.24468
391,0.773032,2.24296
392,0.772033,2.24123
393,0.771033,2.23951
394,0.770031,2.23778
395,0.769027,2.23605
396,0.768022,2.23432
397,0.767016,2.23259
398,0.766009,2.23086
399,0.765001,2.22914
400,0.763992,2.22741
401,0.762982,2.22568
402,0.761971,2.22395
403,0.76096,2.22223
404,0.759948,2.2205
405,0.758936,2.21877
406,0.757923,2.21705
407,0.75691,2.21532
408,0.755897,2.2136
409,0.754884,2.21188
410,0.75387,2.21016
411,0.752857,2.20844
412,0.751844,2.20672
413,0.750831,2.205
414,0.749818,2.20329
415,0.748806,2.20158
416,0.747794,2.19987
417,0.746782,2.19816
418,0.745772,2.19645
419,0.744761,2.19474
420,0.743752,2.19304
421,0.742743,2.19134
422,0.741734,2.18964
423,0.740727,2.18794
424,0.739721,2.18624
425,0.738715,2.18455
426,0.737711,2.18286
427,0.736708,2.18117
428,0.735706,2.17949
429,0.734705,2.1778
430,0.733705,2.17612
431,0.732707,2.17445
432,0.73171,2.17277
433,0.730714,2.1711
434,0.72972,2.16943
435,0.728728,2.16776
436,0.727737,2.1661
437,0.726747,2.16444
438,0.725759,2.16278
439,0.724773,2.16113
440,0.723789,2.15948
441,0.722806,2.15783
442,0.721825,2.15619
443,0.720846,2.15454
444,0.719869,2.15291
445,0.718894,2.15127
446,0.71792,2.14964
447,0.716949,2.14801
448,0.71598,2.14639
449,0.715012,2.14477
450,0.714047,2.14315
451,0.713084,2.14153
452,0.712123,2.13992
453,0.711164,2.13831
454,0.710208,2.13671
455,0.709253,2.13511
456,0.708301,2.13351
457,0.707351,2.13192
458,0.706404,2.13033
459,0.705458,2.12874
460,0.704516,2.12716
461,0.703575,2.12558
462,0.702637,2.12401
463,0.701701,2.12244
464,0.700768,2.12087
465,0.699837,2.11931
466,0.698909,2.11775
467,0.697983,2.11619
468,0.69706,2.11464
469,0.696139,2.11309
470,0.695221,2.11154
471,0.694305,2.11
472,0.693392,2.10846
473,0.692481,2.10693
474,0.691573,2.1054
475,0.690668,2.10387
476,0.689765,2.10235
477,0.688865,2.10083
478,0.687968,2.09932
479,0.687073,2.09781
480,0.686181,2.0963
481,0.685292,2.0948
482,0.684405,2.0933
483,0.683521,2.0918
484,0.68264,2.09031
485,0.681761,2.08882
486,0.680885,2.08734
487,0.680012,2.08586
488,0.679142,2.08438
489,0.678274,2.08291
490,0.677409,2.08144
491,0.676547,2.07997
492,0.675688,2.07851
493,0.674831,2.07705
494,0.673977,2.0756
495,0.673126,2.07415
496,0.672278,2.0727
497,0.671432,2.07126
498,0.67059,2.06982
499,0.669749,2.06838
500,0.668912,2.06695
501,0.668078,2.06552
502,0.667246,2.06409
503,0.666417,2.06267
504,0.665591,2.06126
505,0.664767,2.05984
506,0.663946,2.05843
507,0.663128,2.05703
508,0.662312,2.05562
509,0.661499,2.05422
510,0.660689,2.05283
511,0.659882,2.05143
512,0.659077,2.05005
513,0.658275,2.04866
514,0.657476,2.04728
515,0.65668,2.0459
516,0.655886,2.04453
517,0.655094,2.04315
518,0.654306,2.04179
519,0.65352,2.04042
520,0.652737,2.03906
521,0.651956,2.0377
522,0.651179,2.03635
523,0.650403,2.035
524,0.649631,2.03365
525,0.648861,2.03231
526,0.648094,2.03097
527,0.647329,2.02963
528,0.646567,2.02829
529,0.645808,2.02696
530,0.645051,2.02563
531,0.644297,2.02431
532,0.643545,2.02299
533,0.642796,2.02167
534,0.64205,2.02035
535,0.641306,2.01904
536,0.640565,2.01773
537,0.639826,2.01642
538,0.63909,2.01512
539,0.638356,2.01382
540,0.637625,2.01252
541,0.636897,2.01123
542,0.63617,2.00994
543,0.635447,2.00865
544,0.634726,2.00737
545,0.634007,2.00608
546,0.633291,2.0048
547,0.632577,2.00353
548,0.631866,2.00225
549,0.631157,2.00098
550,0.630451,1.99971
551,0.629747,1.99845
552,0.629045,1.99718
553,0.628346,1.99592
554,0.627649,1.99467
555,0.626955,1.99341
556,0.626262,1.99216
557,0.625573,1.99091
558,0.624885,1.98966
559,0.6242,1.98842
560,0.623517,1.98718
561,0.622837,1.98594
562,0.622158,1.9847
563,0.621483,1.98347
564,0.620809,1.98223
565,0.620137,1.981
566,0.619468,1.97978
567,0.618801,1.97855
568,0.618136,1.97733
569,0.617474,1.97611
570,0.616813,1.97489
571,0.616155,1.97368
572,0.615499,1.97246
573,0.614845,1.97125
574,0.614193,1.97004
575,0.613544,1.96884
576,0.612896,1.96763
577,0.612251,1.96643
578,0.611607,1.96523
579,0.610966,1.96403
580,0.610327,1.96284
581,0.609689,1.96164
582,0.609054,1.96045
583,0.608421,1.95926
584,0.60779,1.95808
585,0.607161,1.95689
586,0.606533,1.95571
587,0.605908,1.95452
588,0.605285,1.95334
589,0.604663,1.95217
590,0.604044,1.95099
591,0.603427,1.94982
592,0.602811,1.94864
593,0.602197,1.94747
594,0.601585,1.94631
595,0.600975,1.94514
596,0.600367,1.94397
597,0.599761,1.94281
598,0.599156,1.94165
599,0.598554,1.94049
600,0.597953,1.93933
601,0.597353,1.93817
602,0.596756,1.93702
603,0.59616,1.93587
604,0.595567,1.93471
605,0.594974,1.93356
606,0.594384,1.93241
607,0.593795,1.93127
608,0.593208,1.93012
609,0.592623,1.92898
610,0.592039,1.92783
611,0.591457,1.92669
612,0.590877,1.92555
613,0.590298,1.92441
614,0.589721,1.92328
615,0.589145,1.92214
616,0.588571,1.92101
617,0.587999,1.91987
618,0.587428,1.91874
619,0.586858,1.91761
620,0.58629,1.91648
621,0.585724,1.91536
622,0.585159,1.91423
623,0.584596,1.9131
624,0.584034,1.91198
625,0.583474,1.91086
626,0.582915,1.90973
627,0.582358,1.90861
628,0.581802,1.90749
629,0.581247,1.90638
630,0.580694,1.90526
631,0.580142,1.90414
632,0.579592,1.90303
633,0.579043,1.90191
634,0.578495,1.9008
635,0.577949,1.89969
636,0.577404,1.89858
637,0.57686,1.89747
638,0.576317,1.89636
639,0.575776,1.89525
640,0.575237,1.89414
641,0.574698,1.89303
642,0.574161,1.89193
643,0.573625,1.89082
644,0.57309,1.88972
645,0.572557,1.88862
646,0.572024,1.88752
647,0.571493,1.88641
648,0.570963,1.88531
649,0.570434,1.88421
650,0.569907,1.88312
651,0.56938,1.88202
652,0.568855,1.88092
653,0.568331,1.87982
654,0.567808,1.87873
655,0.567286,1.87763
656,0.566765,1.87654
657,0.566246,1.87545
658,0.565727,1.87435
659,0.56521,1.87326
660,0.564693,1.87217
661,0.564178,1.87108
662,0.563663,1.86999
663,0.56315,1.8689
664,0.562637,1.86781
665,0.562126,1.86672
666,0.561616,1.86563
667,0.561106,1.86454
668,0.560598,1.86346
669,0.560091,1.86237
670,0.559584,1.86129
671,0.559079,1.8602
672,0.558574,1.85912
673,0.55807,1.85803
674,0.557568,1.85695
675,0.557066,1.85586
676,0.556565,1.85478
677,0.556065,1.8537
678,0.555566,1.85262
679,0.555067,1.85154
680,0.55457,1.85045
681,0.554073,1.84937
682,0.553577,1.84829
683,0.553082,1.84721
684,0.552588,1.84613
685,0.552095,1.84505
686,0.551602,1.84398
687,0.551111,1.8429
688,0.55062,1.84182
689,0.550129,1.84074
690,0.54964,1.83966
691,0.549151,1.83859
692,0.548663,1.83751
693,0.548176,1.83643
694,0.54769,1.83536
695,0.547204,1.83428
696,0.546719,1.83321
697,0.546235,1.83213
698,0.545751,1.83106
699,0.545268,1.82998
700,0.544786,1.82891
701,0.544304,1.82783
702,0.543823,1.82676
703,0.543343,1.82568
704,0.542863,1.82461
705,0.542384,1.82354
706,0.541906,1.82246
707,0.541428,1.82139
708,0.540951,1.82032
709,0.540474,1.81925
710,0.539998,1.81817
711,0.539523,1.8171
712,0.539048,1.81603
713,0.538574,1.81496
714,0.5381,1.81389
715,0.537627,1.81281
716,0.537154,1.81174
717,0.536682,1.81067
718,0.53621,1.8096
719,0.535739,1.80853
720,0.535269,1.80746
721,0.534799,1.80639
722,0.53433,1.80532
723,0.533861,1.80425
724,0.533392,1.80317
725,0.532924,1.8021
726,0.532457,1.80103
727,0.531989,1.79996
728,0.531523,1.79889
729,0.531057,1.79782
730,0.530591,1.79675
731,0.530126,1.79568
732,0.529661,1.79461
733,0.529197,1.79354
734,0.528733,1.79247
735,0.528269,1.79141
736,0.527806,1.79034
737,0.527343,1.78927
738,0.526881,1.7882
739,0.526419,1.78713
740,0.525957,1.78606
741,0.525496,1.78499
742,0.525035,1.78392
743,0.524575,1.78285
744,0.524114,1.78178
745,0.523655,1.78071
746,0.523195,1.77964
747,0.522736,1.77857
748,0.522277,1.77751
749,0.521819,1.77644
750,0.521361,1.77537
751,0.520903,1.7743
752,0.520445,1.77323
753,0.519988,1.77216
754,0.519531,1.77109
755,0.519075,1.77002
756,0.518618,1.76895
757,0.518162,1.76789
758,0.517706,1.76682
759,0.517251,1.76575
760,0.516796,1.76468
761,0.516341,1.76361
762,0.515886,1.76254
763,0.515431,1.76147
764,0.514977,1.7604
765,0.514523,1.75934
766,0.514069,1.75827
767,0.513616,1.7572
768,0.513162,1.75613
769,0.512709,1.75506
770,0.512256,1.75399
771,0.511804,1.75293
772,0.511351,1.75186
773,0.510899,1.75079
774,0.510447,1.74972
775,0.509995,1.74865
776,0.509543,1.74758
777,0.509092,1.74651
778,0.50864,1.74545
779,0.508189,1.74438
780,0.507738,1.74331
781,0.507287,1.74224
782,0.506836,1.74117
783,0.506386,1.7401
784,0.505935,1.73904
785,0.505485,1.73797
786,0.505035,1.7369
787,0.504584,1.73583
788,0.504135,1.73476
789,0.503685,1.7337
790,0.503235,1.73263
791,0.502785,1.73156
792,0.502336,1.73049
793,0.501887,1.72942
794,0.501437,1.72836
795,0.500988,1.72729
796,0.500539,1.72622
797,0.50009,1.72515
798,0.499641,1.72409
799,0.499192,1.72302
800,0.498744,1.72195
801,0.498295,1.72088
802,0.497846,1.71982
803,0.497398,1.71875
804,0.496949,1.71768
805,0.496501,1.71661
806,0.496052,1.71555
807,0.495604,1.71448
808,0.495156,1.71341
809,0.494708,1.71235
810,0.494259,1.71128
811,0.493811,1.71021
812,0.493363,1.70915
813,0.492915,1.70808
814,0.492467,1.70701
815,0.492019,1.70595
816,0.491571,1.70488
817,0.491123,1.70382
818,0.490675,1.70275
819,0.490227,1.70168
820,0.489779,1.70062
821,0.489331,1.69955
822,0.488883,1.69849
823,0.488435,1.69742
824,0.487987,1.69636
825,0.487539,1.69529
826,0.48709,1.69423
827,0.486642,1.69316
828,0.486194,1.6921
829,0.485746,1.69103
830,0.485298,1.68997
831,0.48485,1.68891
832,0.484402,1.68784
833,0.483953,1.68678
834,0.483505,1.68572
835,0.483057,1.68465
836,0.482608,1.68359
837,0.48216,1.68253
838,0.481711,1.68146
839,0.481263,1.6804
840,0.480814,1.67934
841,0.480365,1.67828
842,0.479917,1.67722
843,0.479468,1.67615
844,0.479019,1.67509
845,0.47857,1.67403
846,0.478121,1.67297
847,0.477672,1.67191
848,0.477223,1.67085
849,0.476773,1.66979
850,0.476324,1.66873
851,0.475875,1.66767
852,0.475425,1.66661
853,0.474975,1.66555
854,0.474526,1.6645
855,0.474076,1.66344
856,0.473626,1.66238
857,0.473176,1.66132
858,0.472726,1.66026
859,0.472276,1.65921
860,0.471825,1.65815
861,0.471375,1.65709
862,0.470924,1.65604
863,0.470474,1.65498
864,0.470023,1.65393
865,0.469572,1.65287
866,0.469121,1.65182
867,0.46867,1.65076
868,0.468218,1.64971
869,0.467767,1.64866
870,0.467315,1.6476
871,0.466864,1.64655
872,0.466412,1.6455
873,0.46596,1.64445
874,0.465508,1.6434
875,0.465056,1.64234
876,0.464603,1.64129
877,0.464151,1.64024
878,0.463698,1.63919
879,0.463245,1.63814
880,0.462792,1.6371
881,0.462339,1.63605
882,0.461886,1.635
883,0.461433,1.63395
884,0.460979,1.6329
885,0.460525,1.63186
886,0.460071,1.63081
887,0.459617,1.62977
888,0.459163,1.62872
889,0.458709,1.62768
890,0.458254,1.62663
891,0.4578,1.62559
892,0.457345,1.62455
893,0.45689,1.6235
894,0.456434,1.62246
895,0.455979,1.62142
896,0.455524,1.62038
897,0.455068,1.61934
898,0.454612,1.6183
899,0.454156,1.61726
900,0.4537,1.61622
901,0.453243,1.61518
902,0.452787,1.61415
903,0.45233,1.61311
904,0.451873,1.61207
905,0.451416,1.61104
906,0.450958,1.61
907,0.450501,1.60897
908,0.450043,1.60793
909,0.449585,1.6069
910,0.449127,1.60587
911,0.448669,1.60484
912,0.448211,1.6038
913,0.447752,1.60277
914,0.447293,1.60174
915,0.446834,1.60071
916,0.446375,1.59969
917,0.445916,1.59866
918,0.445456,1.59763
919,0.444997,1.5966
920,0.444537,1.59558
921,0.444076,1.59455
922,0.443616,1.59353
923,0.443156,1.59251
924,0.442695,1.59148
925,0.442234,1.59046
926,0.441773,1.58944
927,0.441312,1.58842
928,0.44085,1.5874
929,0.440389,1.58638
930,0.439927,1.58536
931,0.439465,1.58434
932,0.439002,1.58333
933,0.43854,1.58231
934,0.438077,1.58129
935,0.437615,1.58028
936,0.437152,1.57927
937,0.436688,1.57825
938,0.436225,1.57724
939,0.435762,1.57623
940,0.435298,1.57522
941,0.434834,1.57421
942,0.43437,1.5732
943,0.433905,1.57219
944,0.433441,1.57119
945,0.432976,1.57018
946,0.432511,1.56917
947,0.432046,1.56817
948,0.431581,1.56717
949,0.431116,1.56616
950,0.43065,1.56516
951,0.430185,1.56416
952,0.429719,1.56316
953,0.429252,1.56216
954,0.428786,1.56116
955,0.42832,1.56016
956,0.427853,1.55917
957,0.427386,1.55817
958,0.426919,1.55718
959,0.426452,1.55618
960,0.425985,1.55519
961,0.425517,1.5542
962,0.42505,1.55321
963,0.424582,1.55222
964,0.424114,1.55123
965,0.423646,1.55024
966,0.423178,1.54925
967,0.422709,1.54826
968,0.422241,1.54728
969,0.421772,1.54629
970,0.421303,1.54531
971,0.420834,1.54433
972,0.420365,1.54335
973,0.419896,1.54236
974,0.419426,1.54139
975,0.418957,1.54041
976,0.418487,1.53943
977,0.418017,1.53845
978,0.417548,1.53748
979,0.417078,1.5365
980,0.416607,1.53553
981,0.416137,1.53455
982,0.415667,1.53358
983,0.415196,1.53261
984,0.414726,1.53164
985,0.414255,1.53067
986,0.413784,1.5297
987,0.413313,1.52874
988,0.412842,1.52777
989,0.412371,1.52681
990,0.4119,1.52584
991,0.411429,1.52488
992,0.410958,1.52392
993,0.410486,1.52296
994,0.410015,1.522
995,0.409543,1.52104
996,0.409072,1.52008
997,0.4086,1.51912
998,0.408128,1.51817
999,0.407657,1.51721
1000,0.407185,1.51626,0.407185,1.51626
1001,0.406713,1.51531,0.406713,1.51531
1002,0.406241,1.51436,0.406241,1.51436
1003,0.405769,1.5134,0.405769,1.5134
1004,0.405298,1.51245,0.405298,1.51245
1005,0.404826,1.51151,0.404826,1.51151
1006,0.404354,1.51056,0.404354,1.51056
1007,0.403882,1.50961,0.403882,1.50961
1008,0.40341,1.50867,0.40341,1.50867
1009,0.402938,1.50772,0.402938,1.50772
1010,0.402466,1.50678,0.402466,1.50678
1011,0.401994,1.50583,0.401994,1.50583
1012,0.401523,1.50489,0.401523,1.50489
1013,0.401051,1.50395,0.401051,1.50395
1014,0.400579,1.50301,0.400579,1.50301
1015,0.400107,1.50207,0.400107,1.50207
1016,0.399636,1.50114,0.399636,1.50114
1017,0.399164,1.5002,0.399164,1.5002
1018,0.398692,1.49926,0.398692,1.49926
1019,0.398221,1.49833,0.398221,1.49833
1020,0.397749,1.49739,0.397749,1.49739
1021,0.397278,1.49646,0.397278,1.49646
1022,0.396807,1.49553,0.396807,1.49553
1023,0.396336,1.4946,0.396336,1.4946
1024,0.395865,1.49367,0.395865,1.49367
1025,0.395394,1.49274,0.395394,1.49274
1026,0.394923,1.49181,0.394923,1.49181
1027,0.394452,1.49088,0.394452,1.49088
1028,0.393982,1.48996,0.393982,1.48996
1029,0.393511,1.48903,0.393511,1.48903
1030,0.393041,1.48811,0.393041,1.48811
1031,0.392571,1.48718,0.392571,1.48718
1032,0.392101,1.48626,0.392101,1.48626
1033,0.391631,1.48534,0.391631,1.48534
1034,0.391161,1.48442,0.391161,1.48442
1035,0.390692,1.4835,0.390692,1.4835
1036,0.390223,1.48258,0.390223,1.48258
1037,0.389754,1.48166,0.389754,1.48166
1038,0.389285,1.48074,0.389285,1.48074
1039,0.388816,1.47982,0.388816,1.47982
1040,0.388348,1.47891,0.388348,1.47891
1041,0.38788,1.47799,0.38788,1.47799
1042,0.387412,1.47708,0.387412,1.47708
1043,0.386945,1.47617,0.386945,1.47617
1044,0.386477,1.47525,0.386477,1.47525
1045,0.38601,1.47434,0.38601,1.47434
1046,0.385543,1.47343,0.385543,1.47343
1047,0.385077,1.47252,0.385077,1.47252
1048,0.384611,1.47161,0.384611,1.47161
1049,0.384145,1.4707,0.384145,1.4707
1050,0.38368,1.46979,0.38368,1.46979
1051,0.383214,1.46889,0.383214,1.46889
1052,0.38275,1.46798,0.38275,1.46798
1053,0.382285,1.46707,0.382285,1.46707
1054,0.381821,1.46617,0.381821,1.46617
1055,0.381358,1.46527,0.381358,1.46527
1056,0.380894,1.46436,0.380894,1.46436
1057,0.380432,1.46346,0.380432,1.46346
1058,0.379969,1.46256,0.379969,1.46256
1059,0.379507,1.46165,0.379507,1.46165
1060,0.379046,1.46075,0.379046,1.46075
1061,0.378585,1.45985,0.378585,1.45985
1062,0.378124,1.45895,0.378124,1.45895
1063,0.377664,1.45805,0.377664,1.45805
1064,0.377204,1.45715,0.377204,1.45715
1065,0.376745,1.45626,0.376745,1.45626
1066,0.376286,1.45536,0.376286,1.45536
1067,0.375828,1.45446,0.375828,1.45446
1068,0.375371,1.45356,0.375371,1.45356
1069,0.374914,1.45267,0.374914,1.45267
1070,0.374458,1.45177,0.374458,1.45177
1071,0.374002,1.45087,0.374002,1.45087
1072,0.373547,1.44998,0.373547,1.44998
1073,0.373092,1.44909,0.373092,1.44909
1074,0.372638,1.44819,0.372638,1.44819
1075,0.372185,1.4473,0.372185,1.4473
1076,0.371732,1.4464,0.371732,1.4464
1077,0.37128,1.44551,0.37128,1.44551
1078,0.370829,1.44462,0.370829,1.44462
1079,0.370378,1.44372,0.370378,1.44372
1080,0.369929,1.44283,0.369929,1.44283
1081,0.369479,1.44194,0.369479,1.44194
1082,0.369031,1.44105,0.369031,1.44105
1083,0.368584,1.44016,0.368584,1.44016
1084,0.368137,1.43926,0.368137,1.43926
1085,0.367691,1.43837,0.367691,1.43837
1086,0.367246,1.43748,0.367246,1.43748
1087,0.366801,1.43659,0.366801,1.43659
1088,0.366358,1.4357,0.366358,1.4357
1089,0.365915,1.43481,0.365915,1.43481
1090,0.365473,1.43392,0.365473,1.43392
1091,0.365033,1.43303,0.365033,1.43303
1092,0.364593,1.43213,0.364593,1.43213
1093,0.364154,1.43124,0.364154,1.43124
1094,0.363716,1.43035,0.363716,1.43035
1095,0.363279,1.42946,0.363279,1.42946
1096,0.362843,1.42857,0.362843,1.42857
1097,0.362407,1.42768,0.362407,1.42768
1098,0.361973,1.42679,0.361973,1.42679
1099,0.36154,1.4259,0.36154,1.4259
1100,0.361109,1.425,0.361109,1.425
1101,0.360678,1.42411,0.360678,1.42411
1102,0.360248,1.42322,0.360248,1.42322
1103,0.359819,1.42233,0.359819,1.42233
1104,0.359392,1.42143,0.359392,1.42143
1105,0.358966,1.42054,0.358966,1.42054
1106,0.358541,1.41965,0.358541,1.41965
1107,0.358117,1.41875,0.358117,1.41875
1108,0.357694,1.41786,0.357694,1.41786
1109,0.357273,1.41696,0.357273,1.41696
1110,0.356853,1.41607,0.356853,1.41607
1111,0.356434,1.41517,0.356434,1.41517
1112,0.356016,1.41427,0.356016,1.41427
1113,0.3556,1.41338,0.3556,1.41338
1114,0.355185,1.41248,0.355185,1.41248
1115,0.354772,1.41158,0.354772,1.41158
1116,0.35436,1.41068,0.35436,1.41068
1117,0.353949,1.40978,0.353949,1.40978
1118,0.35354,1.40888,0.35354,1.40888
1119,0.353133,1.40798,0.353133,1.40798
1120,0.352727,1.40708,0.352727,1.40708
1121,0.352322,1.40617,0.352322,1.40617
1122,0.351919,1.40527,0.351919,1.40527
1123,0.351517,1.40436,0.351517,1.40436
1124,0.351117,1.40346,0.351117,1.40346
1125,0.350719,1.40255,0.350719,1.40255
1126,0.350323,1.40164,0.350323,1.40164
1127,0.349928,1.40073,0.349928,1.40073
1128,0.349534,1.39982,0.349534,1.39982
1129,0.349143,1.39891,0.349143,1.39891
1130,0.348753,1.398,0.348753,1.398
1131,0.348365,1.39709,0.348365,1.39709
1132,0.347979,1.39617,0.347979,1.39617
1133,0.347594,1.39526,0.347594,1.39526
1134,0.347212,1.39434,0.347212,1.39434
1135,0.346831,1.39342,0.346831,1.39342
1136,0.346453,1.3925,0.346453,1.3925
1137,0.346076,1.39158,0.346076,1.39158
1138,0.345701,1.39065,0.345701,1.39065
1139,0.345328,1.38973,0.345328,1.38973
1140,0.344957,1.3888,0.344957,1.3888
1141,0.344589,1.38788,0.344589,1.38788
1142,0.344222,1.38695,0.344222,1.38695
1143,0.343858,1.38602,0.343858,1.38602
1144,0.343495,1.38508,0.343495,1.38508
1145,0.343135,1.38415,0.343135,1.38415
1146,0.342777,1.38321,0.342777,1.38321
1147,0.342421,1.38228,0.342421,1.38228
1148,0.342068,1.38134,0.342068,1.38134
1149,0.341717,1.38039,0.341717,1.38039
1150,0.341368,1.37945,0.341368,1.37945
1151,0.341021,1.37851,0.341021,1.37851
1152,0.340677,1.37756,0.340677,1.37756
1153,0.340336,1.37661,0.340336,1.37661
1154,0.339996,1.37566,0.339996,1.37566
1155,0.33966,1.3747,0.33966,1.3747
1156,0.339326,1.37375,0.339326,1.37375
1157,0.338994,1.37279,0.338994,1.37279
1158,0.338665,1.37183,0.338665,1.37183
1159,0.338339,1.37087,0.338339,1.37087
1160,0.338015,1.3699,0.338015,1.3699
1161,0.337694,1.36893,0.337694,1.36893
1162,0.337376,1.36796,0.337376,1.36796
1163,0.33706,1.36699,0.33706,1.36699
1164,0.336748,1.36602,0.336748,1.36602
1165,0.336438,1.36504,0.336438,1.36504
1166,0.336131,1.36406,0.336131,1.36406
1167,0.335827,1.36308,0.335827,1.36308
1168,0.335526,1.36209,0.335526,1.36209
1169,0.335228,1.36111,0.335228,1.36111
1170,0.334933,1.36012,0.334933,1.36012
1171,0.334641,1.35912,0.334641,1.35912
1172,0.334353,1.35813,0.334353,1.35813
1173,0.334067,1.35713,0.334067,1.35713
1174,0.333784,1.35613,0.333784,1.35613
1175,0.333505,1.35512,0.333505,1.35512
1176,0.333229,1.35411,0.333229,1.35411
1177,0.332957,1.3531,0.332957,1.3531
1178,0.332688,1.35209,0.332688,1.35209
1179,0.332422,1.35107,0.332422,1.35107
1180,0.332159,1.35005,0.332159,1.35005
1181,0.3319,1.34903,0.3319,1.34903
1182,0.331645,1.348,0.331645,1.348
1183,0.331393,1.34697,0.331393,1.34697
1184,0.331145,1.34594,0.331145,1.34594
1185,0.330901,1.3449,0.330901,1.3449
1186,0.33066,1.34387,0.33066,1.34387
1187,0.330423,1.34282,0.330423,1.34282
1188,0.330189,1.34178,0.330189,1.34178
1189,0.32996,1.34073,0.32996,1.34073
1190,0.329734,1.33967,0.329734,1.33967
1191,0.329513,1.33862,0.329513,1.33862
1192,0.329295,1.33756,0.329295,1.33756
1193,0.329082,1.33649,0.329082,1.33649
1194,0.328872,1.33542,0.328872,1.33542
1195,0.328667,1.33435,0.328667,1.33435
1196,0.328465,1.33328,0.328465,1.33328
1197,0.328268,1.3322,0.328268,1.3322
1198,0.328076,1.33112,0.328076,1.33112
1199,0.327887,1.33003,0.327887,1.33003
1200,0.327703,1.32894,0.327703,1.32894
1201,0.327523,1.32785,0.327523,1.32785
1202,0.327348,1.32675,0.327348,1.32675
1203,0.327178,1.32565,0.327178,1.32565
1204,0.327012,1.32454,0.327012,1.32454
1205,0.32685,1.32343,0.32685,1.32343
1206,0.326693,1.32232,0.326693,1.32232
1207,0.326541,1.3212,0.326541,1.3212
1208,0.326394,1.32008,0.326394,1.32008
1209,0.326252,1.31895,0.326252,1.31895
1210,0.326114,1.31782,0.326114,1.31782
1211,0.325982,1.31668,0.325982,1.31668
1212,0.325854,1.31554,0.325854,1.31554
1213,0.325732,1.3144,0.325732,1.3144
1214,0.325615,1.31325,0.325615,1.31325
1215,0.325503,1.3121,0.325503,1.3121
1216,0.325396,1.31095,0.325396,1.31095
1217,0.325294,1.30979,0.325294,1.30979
1218,0.325198,1.30862,0.325198,1.30862
1219,0.325107,1.30745,0.325107,1.30745
1220,0.325022,1.30628,0.325022,1.30628
1221,0.324942,1.3051,0.324942,1.3051
1222,0.324868,1.30392,0.324868,1.30392
1223,0.3248,1.30273,0.3248,1.30273
1224,0.324737,1.30154,0.324737,1.30154
1225,0.32468,1.30034,0.32468,1.30034
1226,0.324629,1.29914,0.324629,1.29914
1227,0.324584,1.29794,0.324584,1.29794
1228,0.324545,1.29673,0.324545,1.29673
1229,0.324512,1.29551,0.324512,1.29551
1230,0.324485,1.2943,0.324485,1.2943
1231,0.324464,1.29307,0.324464,1.29307
1232,0.32445,1.29184,0.32445,1.29184
1233,0.324442,1.29061,0.324442,1.29061
1234,0.32444,1.28937,0.32444,1.28937
1235,0.324445,1.28813,0.324445,1.28813
1236,0.324456,1.28689,0.324456,1.28689
1237,0.324474,1.28563,0.324474,1.28563
1238,0.324498,1.28438,0.324498,1.28438
1239,0.32453,1.28312,0.32453,1.28312
1240,0.324568,1.28185,0.324568,1.28185
1241,0.324613,1.28058,0.324613,1.28058
1242,0.324665,1.27931,0.324665,1.27931
1243,0.324724,1.27803,0.324724,1.27803
1244,0.32479,1.27674,0.32479,1.27674
1245,0.324863,1.27545,0.324863,1.27545
1246,0.324944,1.27416,0.324944,1.27416
1247,0.325032,1.27286,0.325032,1.27286
1248,0.325128,1.27156,0.325128,1.27156
1249,0.325231,1.27025,0.325231,1.27025
1250,0.325341,1.26894,0.325341,1.26894
1251,0.325459,1.26762,0.325459,1.26762
1252,0.325585,1.2663,0.325585,1.2663
1253,0.325719,1.26497,0.325719,1.26497
1254,0.325861,1.26364,0.325861,1.26364
1255,0.326011,1.2623,0.326011,1.2623
1256,0.326168,1.26096,0.326168,1.26096
1257,0.326334,1.25962,0.326334,1.25962
1258,0.326509,1.25826,0.326509,1.25826
1259,0.326691,1.25691,0.326691,1.25691
1260,0.326882,1.25555,0.326882,1.25555
1261,0.327082,1.25418,0.327082,1.25418
1262,0.32729,1.25281,0.32729,1.25281
1263,0.327507,1.25144,0.327507,1.25144
1264,0.327733,1.25006,0.327733,1.25006
1265,0.327967,1.24868,0.327967,1.24868
1266,0.328211,1.24729,0.328211,1.24729
1267,0.328463,1.2459,0.328463,1.2459
1268,0.328725,1.2445,0.328725,1.2445
1269,0.328996,1.2431,0.328996,1.2431
1270,0.329277,1.24169,0.329277,1.24169
1271,0.329566,1.24028,0.329566,1.24028
1272,0.329866,1.23886,0.329866,1.23886
1273,0.330175,1.23744,0.330175,1.23744
1274,0.330494,1.23602,0.330494,1.23602
1275,0.330822,1.23459,0.330822,1.23459
1276,0.331161,1.23315,0.331161,1.23315
1277,0.331509,1.23172,0.331509,1.23172
1278,0.331868,1.23027,0.331868,1.23027
1279,0.332237,1.22882,0.332237,1.22882
1280,0.332616,1.22737,0.332616,1.22737
1281,0.333006,1.22592,0.333006,1.22592
1282,0.333407,1.22445,0.333407,1.22445
1283,0.333818,1.22299,0.333818,1.22299
1284,0.334239,1.22152,0.334239,1.22152
1285,0.334672,1.22004,0.334672,1.22004
1286,0.335116,1.21857,0.335116,1.21857
1287,0.33557,1.21708,0.33557,1.21708
1288,0.336036,1.2156,0.336036,1.2156
1289,0.336514,1.2141,0.336514,1.2141
1290,0.337003,1.21261,0.337003,1.21261
1291,0.337503,1.21111,0.337503,1.21111
1292,0.338015,1.2096,0.338015,1.2096
1293,0.338539,1.20809,0.338539,1.20809
1294,0.339074,1.20658,0.339074,1.20658
1295,0.339622,1.20506,0.339622,1.20506
1296,0.340182,1.20354,0.340182,1.20354
1297,0.340754,1.20202,0.340754,1.20202
1298,0.341338,1.20049,0.341338,1.20049
1299,0.341935,1.19895,0.341935,1.19895
1300,0.342544,1.19741,0.342544,1.19741
1301,0.343166,1.19587,0.343166,1.19587
1302,0.343801,1.19432,0.343801,1.19432
1303,0.344449,1.19277,0.344449,1.19277
1304,0.34511,1.19122,0.34511,1.19122
1305,0.345785,1.18966,0.345785,1.18966
1306,0.346472,1.1881,0.346472,1.1881
1307,0.347173,1.18653,0.347173,1.18653
1308,0.347888,1.18496,0.347888,1.18496
1309,0.348616,1.18338,0.348616,1.18338
1310,0.349358,1.1818,0.349358,1.1818
1311,0.350114,1.18022,0.350114,1.18022
1312,0.350884,1.17863,0.350884,1.17863
1313,0.351668,1.17703,0.351668,1.17703
1314,0.352467,1.17544,0.352467,1.17544
1315,0.35328,1.17384,0.35328,1.17384
1316,0.354108,1.17223,0.354108,1.17223
1317,0.35495,1.17062,0.35495,1.17062
1318,0.355807,1.16901,0.355807,1.16901
1319,0.35668,1.16739,0.35668,1.16739
1320,0.357567,1.16577,0.357567,1.16577
1321,0.358469,1.16414,0.358469,1.16414
1322,0.359387,1.16251,0.359387,1.16251
1323,0.36032,1.16087,0.36032,1.16087
1324,0.361269,1.15923,0.361269,1.15923
1325,0.362234,1.15758,0.362234,1.15758
1326,0.363214,1.15594,0.363214,1.15594
1327,0.36421,1.15428,0.36421,1.15428
1328,0.365223,1.15262,0.365223,1.15262
1329,0.366251,1.15096,0.366251,1.15096
1330,0.367296,1.14929,0.367296,1.14929
1331,0.368358,1.14761,0.368358,1.14761
1332,0.369436,1.14594,0.369436,1.14594
1333,0.37053,1.14425,0.37053,1.14425
1334,0.371642,1.14256,0.371642,1.14256
1335,0.37277,1.14087,0.37277,1.14087
1336,0.373916,1.13917,0.373916,1.13917
1337,0.375078,1.13746,0.375078,1.13746
1338,0.376258,1.13575,0.376258,1.13575
1339,0.377455,1.13404,0.377455,1.13404
1340,0.37867,1.13231,0.37867,1.13231
1341,0.379902,1.13059,0.379902,1.13059
1342,0.381152,1.12885,0.381152,1.12885
1343,0.382419,1.12711,0.382419,1.12711
1344,0.383705,1.12536,0.383705,1.12536
1345,0.385008,1.12361,0.385008,1.12361
1346,0.38633,1.12185,0.38633,1.12185
1347,0.387669,1.12008,0.387669,1.12008
1348,0.389027,1.11831,0.389027,1.11831
1349,0.390403,1.11652,0.390403,1.11652
1350,0.391797,1.11474,0.391797,1.11474
1351,0.39321,1.11294,0.39321,1.11294
1352,0.394641,1.11113,0.394641,1.11113
1353,0.396091,1.10932,0.396091,1.10932
1354,0.397559,1.1075,0.397559,1.1075
1355,0.399046,1.10567,0.399046,1.10567
1356,0.400551,1.10383,0.400551,1.10383
1357,0.402075,1.10198,0.402075,1.10198
1358,0.403618,1.10012,0.403618,1.10012
1359,0.405179,1.09825,0.405179,1.09825
1360,0.406759,1.09637,0.406759,1.09637
1361,0.408358,1.09448,0.408358,1.09448
1362,0.409975,1.09258,0.409975,1.09258
1363,0.411611,1.09067,0.411611,1.09067
1364,0.413266,1.08874,0.413266,1.08874
1365,0.414939,1.0868,0.414939,1.0868
1366,0.416631,1.08486,0.416631,1.08486
1367,0.418341,1.08289,0.418341,1.08289
1368,0.420069,1.08092,0.420069,1.08092
1369,0.421815,1.07893,0.421815,1.07893
1370,0.42358,1.07693,0.42358,1.07693
1371,0.425362,1.07491,0.425362,1.07491
1372,0.427162,1.07287,0.427162,1.07287
1373,0.42898,1.07082,0.42898,1.07082
1374,0.430815,1.06876,0.430815,1.06876
1375,0.432668,1.06667,0.432668,1.06667
1376,0.434537,1.06457,0.434537,1.06457
1377,0.436423,1.06245,0.436423,1.06245
1378,0.438326,1.06031,0.438326,1.06031
1379,0.440245,1.05815,0.440245,1.05815
1380,0.442179,1.05597,0.442179,1.05597
1381,0.444129,1.05377,0.444129,1.05377
1382,0.446094,1.05155,0.446094,1.05155
1383,0.448074,1.0493,0.448074,1.0493
1384,0.450068,1.04703,0.450068,1.04703
1385,0.452076,1.04474,0.452076,1.04474
1386,0.454098,1.04242,0.454098,1.04242
1387,0.456131,1.04008,0.456131,1.04008
1388,0.458178,1.0377,0.458178,1.0377
1389,0.460235,1.0353,0.460235,1.0353
1390,0.462304,1.03287,0.462304,1.03287
1391,0.464383,1.03041,0.464383,1.03041
1392,0.466471,1.02792,0.466471,1.02792
1393,0.468568,1.0254,0.468568,1.0254
1394,0.470673,1.02284,0.470673,1.02284
1395,0.472785,1.02025,0.472785,1.02025
1396,0.474902,1.01762,0.474902,1.01762
1397,0.477025,1.01496,0.477025,1.01496
1398,0.479152,1.01225,0.479152,1.01225
1399,0.481282,1.00951,0.481282,1.00951
1400,0.483413,1.00672,0.483413,1.00672
1401,0.485545,1.0039,0.485545,1.0039
1402,0.487676,1.00103,0.487676,1.00103
1403,0.489805,0.998111,0.489805,0.998111
1404,0.49193,0.995147,0.49193,0.995147
1405,0.494049,0.992136,0.494049,0.992136
1406,0.496162,0.989074,0.496162,0.989074
1407,0.498267,0.98596,0.498267,0.98596
1408,0.500361,0.982793,0.500361,0.982793
1409,0.502443,0.979571,0.502443,0.979571
1410,0.50451,0.976291,0.50451,0.976291
1411,0.506562,0.972953,0.506562,0.972953
1412,0.508595,0.969554,0.508595,0.969554
1413,0.510608,0.966093,0.510608,0.966093
1414,0.512598,0.962567,0.512598,0.962567
1415,0.514562,0.958975,0.514562,0.958975
1416,0.516499,0.955314,0.516499,0.955314
1417,0.518404,0.951583,0.518404,0.951583
1418,0.520277,0.947779,0.520277,0.947779
1419,0.522113,0.9439,0.522113,0.9439
1420,0.52391,0.939944,0.52391,0.939944
1421,0.525664,0.93591,0.525664,0.93591
1422,0.527372,0.931794,0.527372,0.931794
1423,0.529032,0.927595,0.529032,0.927595
1424,0.530639,0.92331,0.530639,0.92331
1425,0.532189,0.918937,0.532189,0.918937
1426,0.53368,0.914474,0.53368,0.914474
1427,0.535106,0.909918,0.535106,0.909918
1428,0.536465,0.905267,0.536465,0.905267
1429,0.537752,0.900519,0.537752,0.900519
1430,0.538962,0.895672,0.538962,0.895672
1431,0.540092,0.890723,0.540092,0.890723
1432,0.541136,0.88567,0.541136,0.88567
1433,0.542091,0.88051,0.542091,0.88051
1434,0.542952,0.875242,0.542952,0.875242
1435,0.543713,0.869864,0.543713,0.869864
1436,0.544371,0.864372,0.544371,0.864372
1437,0.544919,0.858766,0.544919,0.858766
1438,0.545354,0.853042,0.545354,0.853042
1439,0.54567,0.847199,0.54567,0.847199
1440,0.545861,0.841236,0.545861,0.841236
1441,0.545924,0.835149,0.545924,0.835149
1442,0.545851,0.828937,0.545851,0.828937
1443,0.54564,0.8226,0.54564,0.8226
1444,0.545283,0.816134,0.545283,0.816134
1445,0.544777,0.809539,0.544777,0.809539
1446,0.544116,0.802812,0.544116,0.802812
1447,0.543295,0.795954,0.543295,0.795954
1448,0.542309,0.788962,0.542309,0.788962
1449,0.541153,0.781836,0.541153,0.781836
1450,0.539823,0.774575,0.539823,0.774575
1451,0.538314,0.767178,0.538314,0.767178
1452,0.536623,0.759644,0.536623,0.759644
1453,0.534744,0.751972,0.534744,0.751972
1454,0.532674,0.744164,0.532674,0.744164
1455,0.53041,0.736218,0.53041,0.736218
1456,0.527948,0.728134,0.527948,0.728134
1457,0.525285,0.719913,0.525285,0.719913
1458,0.522419,0.711554,0.522419,0.711554
1459,0.519347,0.703059,0.519347,0.703059
1460,0.516067,0.694428,0.516067,0.694428
1461,0.512579,0.685661,0.512579,0.685661
1462,0.508881,0.67676,0.508881,0.67676
1463,0.504972,0.667725,0.504972,0.667725
1464,0.500852,0.658558,0.500852,0.658558
1465,0.496522,0.649259,0.496522,0.649259
1466,0.491983,0.63983,0.491983,0.63983
1467,0.487235,0.630273,0.487235,0.630273
1468,0.482282,0.620589,0.482282,0.620589
1469,0.477125,0.61078,0.477125,0.61078
1470,0.471767,0.600846,0.471767,0.600846
1471,0.466212,0.590791,0.466212,0.590791
1472,0.460464,0.580615,0.460464,0.580615
1473,0.454528,0.570321,0.454528,0.570321
1474,0.448408,0.559911,0.448408,0.559911
1475,0.44211,0.549385,0.44211,0.549385
1476,0.435642,0.538746,0.435642,0.538746
1477,0.429008,0.527996,0.429008,0.527996
1478,0.422217,0.517137,0.422217,0.517137
1479,0.415277,0.50617,0.415277,0.50617
1480,0.408197,0.495096,0.408197,0.495096
1481,0.400984,0.483919,0.400984,0.483919
1482,0.39365,0.472639,0.39365,0.472639
1483,0.386205,0.461257,0.386205,0.461257
1484,0.37866,0.449776,0.37866,0.449776
1485,0.371026,0.438197,0.371026,0.438197
1486,0.363318,0.426521,0.363318,0.426521
1487,0.35555,0.41475,0.35555,0.41475
1488,0.347738,0.402884,0.347738,0.402884
1489,0.339898,0.390926,0.339898,0.390926
1490,0.33205,0.378876,0.33205,0.378876
1491,0.324217,0.366736,0.324217,0.366736
1492,0.316424,0.354507,0.316424,0.354507
1493,0.308702,0.342191,0.308702,0.342191
1494,0.301086,0.329791,0.301086,0.329791
1495,0.293621,0.317309,0.293621,0.317309
1496,0.286362,0.304748,0.286362,0.304748
1497,0.279381,0.292115,0.279381,0.292115
1498,0.27277,0.279415,0.27277,0.279415
1499,0.266658,0.266658,0.266658,0.266658
1500,0,0,4.71264e-310,4.71264e-310
